"Country,Other",TotalCases,NewCases,TotalDeaths,NewDeaths,TotalRecovered,NewRecovered,ActiveCases,"Serious,Critical",Tot Cases/1M pop,Deaths/1M pop,TotalTests,Tests/1M pop,Population
USA,"10,18,25,079",0,"11,13,307",0,"9,89,32,846",0,"17,78,926","3,967","3,04,132","3,325","1,14,91,44,186","34,32,276","33,48,05,269"
India,"4,46,77,346",0,"5,30,677",0,"4,41,42,032",0,"4,637",698,"31,762",377,"90,92,84,443","6,46,427","1,40,66,31,776"
France,"3,89,71,117","71,212","1,60,747",130,"3,76,86,182","68,204","11,24,188",869,"5,94,212","2,451","27,14,90,188","41,39,547","6,55,84,518"
Germany,"3,70,35,898",0,"1,60,045",0,"3,63,12,800","39,500","5,63,053","1,406","4,41,515","1,908","12,23,32,384","14,58,359","8,38,83,596"
Brazil,"3,59,43,720",0,"6,91,994",0,"3,46,09,068",0,"6,42,658","8,318","1,66,906","3,213","6,37,76,166","2,96,146","21,53,53,593"
S. Korea,"2,83,02,474","87,559","31,490",56,"2,71,77,366","52,948","10,93,618",519,"5,51,384",613,"1,58,04,065","3,07,892","5,13,29,899"
Japan,"2,73,74,464","1,85,694","53,730",231,"2,09,42,684","8,814","63,78,050",493,"2,17,976",428,"8,49,27,057","6,76,252","12,55,84,838"
Italy,"2,48,84,034",0,"1,83,138",0,"2,42,15,242",0,"4,85,654",321,"4,12,925","3,039","26,07,32,261","43,26,589","6,02,62,770"
UK,"2,40,89,042",0,"1,98,271",0,"2,38,02,467","3,793","88,304",146,"3,51,676","2,895","52,25,26,476","76,28,357","6,84,97,907"
Russia,"2,17,28,409","5,994","3,93,107",57,"2,11,23,341","8,109","2,11,961","2,300","1,49,023","2,696","27,34,00,000","18,75,095","14,58,05,947"
Turkey,"1,70,42,722",0,"1,01,492",0,0,0,0,0,"1,99,186","1,186","16,27,43,369","19,02,052","8,55,61,976"
Spain,"1,36,51,239",0,"1,16,658",0,"1,34,44,388",0,"90,193",339,"2,92,198","2,497","47,10,36,328","1,00,82,298","4,67,19,142"
Vietnam,"1,15,23,367",204,"43,180",0,"1,06,10,349",59,"8,69,838",39,"1,16,452",436,"8,58,26,548","8,67,342","9,89,53,541"
Australia,"1,09,79,204","3,830","16,712",20,"1,05,46,102",0,"4,16,390",102,"4,21,163",641,"7,88,35,048","30,24,116","2,60,68,792"
Argentina,"98,29,236",0,"1,30,080",0,"95,97,167",0,"1,01,989",248,"2,13,632","2,827","3,57,16,069","7,76,264","4,60,10,234"
Taiwan,"86,05,539","17,131","14,931",18,"82,98,444","17,695","2,92,164",0,"3,60,236",625,"2,89,57,403","12,12,185","2,38,88,595"
Netherlands,"85,56,131",0,"22,942",0,"85,11,781",579,"21,408",27,"4,97,119","1,333","2,59,84,435","15,09,718","1,72,11,447"
Iran,"75,60,581",62,"1,44,667",3,"73,35,779",36,"80,135",79,"87,890","1,682","5,44,20,785","6,32,632","8,60,22,837"
Mexico,"71,90,702","1,840","3,30,805",10,"64,36,684","6,335","4,23,213","4,798","54,656","2,514","1,89,42,791","1,43,983","13,15,62,772"
Indonesia,"67,11,703","1,297","1,60,451",27,"65,25,525","2,781","25,727","2,771","24,045",575,"11,34,15,386","4,06,311","27,91,34,505"
Poland,"63,62,604",886,"1,18,436",7,"53,35,940",0,"9,08,228","1,530","1,68,591","3,138","3,79,13,015","10,04,590","3,77,39,785"
Colombia,"63,30,409",0,"1,41,996",0,"61,50,571",0,"37,842",342,"1,22,890","2,757","3,69,51,507","7,17,327","5,15,12,762"
Austria,"56,56,559","4,899","21,332",1,"55,86,141","2,709","49,086",47,"6,23,882","2,353","20,39,52,675","2,24,94,673","90,66,710"
Portugal,"55,51,364",0,"25,643",0,"55,12,497",0,"13,224",61,"5,47,441","2,529","4,57,66,733","45,13,231","1,01,40,570"
Greece,"55,00,737",0,"34,614",0,"54,36,388","7,434","29,735",115,"5,33,191","3,355","10,15,76,831","98,45,925","1,03,16,637"
Ukraine,"53,50,380",0,"1,10,696",0,"52,29,875",713,"9,809",0,"1,23,874","2,563","3,26,03,805","7,54,855","4,31,92,122"
Malaysia,"50,18,584",0,"36,808",0,"49,66,235",0,"15,541",44,"1,51,248","1,109","6,69,47,409","20,17,639","3,31,81,072"
Chile,"49,87,847","2,159","62,905",2,"49,17,057","3,572","7,885",108,"2,59,106","3,268","4,74,67,429","24,65,815","1,92,50,195"
DPRK,"47,72,813",0,74,0,"47,72,739",0,0,0,"1,83,636",3,0,0,"2,59,90,679"
Israel,"47,50,268",0,"11,973",0,"47,25,995",0,"12,300",57,"5,09,357","1,284","4,13,73,364","44,36,346","93,26,000"
Thailand,"47,18,908",0,"33,505",0,"46,49,509",0,"35,894","1,496","67,338",478,"1,72,70,775","2,46,450","7,00,78,203"
Belgium,"46,58,298",0,"33,155",0,"45,95,210",593,"29,933",58,"3,99,228","2,841","3,62,49,482","31,06,669","1,16,68,278"
Czechia,"45,74,354","1,364","42,026",2,"45,24,319",911,"8,009",43,"4,26,045","3,914","5,67,25,438","52,83,280","1,07,36,784"
Canada,"44,57,366",0,"48,645",0,"43,44,394","2,240","64,327",99,"1,16,112","1,267","6,63,43,123","17,28,207","3,83,88,419"
Peru,"44,16,823",0,"2,17,926",0,"41,12,627","14,315","86,270",136,"1,31,124","6,470","3,71,03,303","11,01,504","3,36,84,208"
Switzerland,"43,51,857",0,"14,353",0,"42,77,958","2,903","59,546",76,"4,96,015","1,636","2,31,32,609","26,36,604","87,73,637"
Philippines,"40,57,629",626,"65,127",33,"39,75,239",797,"17,263",162,"36,065",579,"3,39,14,764","3,01,440","11,25,08,994"
South Africa,"40,46,603",0,"1,02,568",0,"39,12,506",0,"31,529",192,"66,604","1,688","2,64,73,049","4,35,726","6,07,56,135"
Romania,"33,05,048",0,"67,341",0,"32,29,493",0,"8,214",104,"1,73,663","3,538","2,59,59,566","13,64,043","1,90,31,335"
Denmark,"31,59,297",694,"7,672",10,"31,43,292",744,"8,333",13,"5,41,444","1,315","12,89,44,819","2,20,98,702","58,34,950"
Sweden,"26,51,702",0,"21,332",0,"26,03,042",327,"27,328",29,"2,59,488","2,087","1,92,14,371","18,80,265","1,02,18,971"
Iraq,"24,65,107",0,"25,373",0,"24,39,079",0,655,21,"58,463",602,"1,94,48,292","4,61,243","4,21,64,965"
Serbia,"24,35,508",0,"17,473",0,"24,06,575",0,"11,460",15,"2,81,463","2,019","1,17,70,496","13,60,277","86,53,016"
Hong Kong,"23,85,285","14,982","11,243",33,"19,81,008","5,975","3,93,034",37,"3,13,676","1,479","7,39,60,809","97,26,184","76,04,299"
Singapore,"21,90,057",0,"1,710",0,"21,15,786",0,"72,561",6,"3,68,476",288,"2,46,24,319","41,43,035","59,43,546"
Hungary,"21,76,249",0,"48,380",0,"21,14,134",0,"13,735",24,"2,26,545","5,036","1,13,94,556","11,86,160","96,06,259"
New Zealand,"20,62,384",0,"3,435",0,"20,17,409",0,"41,540",0,"4,21,049",701,"76,77,843","15,67,482","48,98,203"
Bangladesh,"20,36,967",19,"29,438",0,"19,86,947",90,"20,582","1,331","12,133",175,"1,51,28,286","90,111","16,78,85,689"
Slovakia,"18,58,133",136,"20,788",3,"18,35,767",159,"1,578",23,"3,40,305","3,807","73,68,246","13,49,448","54,60,193"
Georgia,"18,08,085",0,"16,895",0,"17,76,548",0,"14,642",0,"4,55,582","4,257","1,69,20,079","42,63,340","39,68,738"
Jordan,"17,46,997",0,"14,122",0,"17,31,007",0,"1,868",59,"1,69,597","1,371","1,72,01,885","16,69,945","1,03,00,869"
Ireland,"16,84,717",0,"8,270",0,"16,70,101",18,"6,346",9,"3,35,588","1,647","1,28,84,825","25,66,596","50,20,199"
Pakistan,"15,75,597",8,"30,635",0,"15,38,689",0,"6,273",25,"6,866",133,"3,05,70,862","1,33,213","22,94,88,994"
Norway,"14,72,611",0,"4,571",0,"14,64,923",0,"3,117",20,"2,67,195",829,"1,10,02,430","19,96,315","55,11,370"
Finland,"14,28,446",0,"7,783",0,"13,92,724","1,662","27,939",21,"2,57,148","1,401","1,18,99,068","21,42,062","55,54,960"
Kazakhstan,"14,00,409",182,"13,694",0,"13,83,020",0,"3,695",24,"72,919",713,"1,15,75,012","6,02,707","1,92,05,043"
Slovenia,"12,91,635","2,690","6,973",0,"12,57,191",0,"27,471",25,"6,21,566","3,356","27,98,758","13,46,830","20,78,034"
Bulgaria,"12,90,470",0,"38,082",0,"12,48,448",0,"3,940",35,"1,88,538","5,564","1,08,75,737","15,88,952","68,44,597"
Lithuania,"12,83,459",0,"9,458",0,"12,66,068",0,"7,933",5,"4,82,194","3,553","1,02,90,511","38,66,131","26,61,708"
Morocco,"12,70,945",105,"16,294",0,"12,53,878",157,773,293,"33,647",431,"1,28,16,912","3,39,316","3,77,72,756"
Croatia,"12,59,759",354,"17,473",12,"12,39,924",270,"2,362",13,"3,10,340","4,304","54,03,745","13,31,206","40,59,286"
Lebanon,"12,21,696",0,"10,742",0,"10,87,587",0,"1,23,367",74,"1,82,756","1,607","47,95,578","7,17,380","66,84,849"
Guatemala,"11,85,090",0,"19,984",0,"11,41,019",0,"24,087",5,"63,769","1,075","64,64,587","3,47,857","1,85,84,039"
Costa Rica,"11,52,466",0,"9,051",0,"8,60,711",0,"2,82,704",52,"2,22,383","1,747","46,59,757","8,99,158","51,82,354"
Tunisia,"11,47,282",0,"29,272",0,0,0,0,44,"95,237","2,430","49,77,368","4,13,174","1,20,46,656"
Bolivia,"11,35,046","2,491","22,271",2,"10,86,019","1,260","26,756",220,"94,645","1,857","27,05,422","2,25,590","1,19,92,656"
Cuba,"11,11,697",0,"8,530",0,"11,02,996",0,171,23,"98,331",754,"1,42,33,813","12,59,000","1,13,05,652"
UAE,"10,46,293",67,"2,348",0,"10,27,918",194,"16,027",0,"1,03,781",233,"19,77,36,124","1,96,13,206","1,00,81,785"
Ecuador,"10,24,914",0,"35,940",0,"9,75,192",0,"13,782",759,"56,583","1,984","30,82,403","1,70,173","1,81,13,361"
Panama,"10,20,961",0,"8,554",0,"10,05,646",0,"6,761",16,"2,29,586","1,924","73,61,620","16,55,426","44,46,964"
Mongolia,"10,07,168",0,"2,179",0,"9,91,526",0,"13,463",192,"2,98,148",645,"40,30,048","11,93,000","33,78,078"
Uruguay,"10,02,988",0,"7,552",0,"9,90,837",0,"4,599",18,"2,86,895","2,160","61,14,822","17,49,083","34,96,016"
Nepal,"10,00,959",6,"12,019",0,"9,88,921",3,19,0,"33,116",398,"59,85,814","1,98,038","3,02,25,582"
Belarus,"9,94,037",0,"7,118",0,"9,85,592",0,"1,327",0,"1,05,381",755,"1,36,46,641","14,46,722","94,32,800"
Latvia,"9,71,344",472,"6,133",7,"9,50,319",0,"14,892",3,"5,25,381","3,317","77,58,342","41,96,336","18,48,837"
Saudi Arabia,"8,26,621",46,"9,499",1,"8,14,151",50,"2,971",32,"23,061",265,"4,48,99,229","12,52,597","3,58,44,909"
Azerbaijan,"8,25,527",107,"9,997",4,"8,14,944",65,586,0,"80,147",971,"74,10,224","7,19,425","1,03,00,205"
Paraguay,"7,81,111",0,"19,655",0,0,0,0,7,"1,06,916","2,690","26,57,506","3,63,751","73,05,843"
Bahrain,"6,97,844",0,"1,539",0,"6,95,850",0,455,2,"3,91,172",863,"1,06,12,288","59,48,649","17,83,983"
Sri Lanka,"6,71,817",0,"16,814",0,"6,54,974",0,29,0,"31,137",779,"64,86,117","3,00,619","2,15,75,842"
Kuwait,"6,62,747",0,"2,570",0,"6,60,095",0,82,0,"1,51,301",587,"84,47,300","19,28,464","43,80,326"
Dominican Republic,"6,50,990",0,"4,384",0,"6,44,785",0,"1,821",4,"58,879",397,"37,40,928","3,38,350","1,10,56,370"
Myanmar,"6,33,575",7,"19,488",0,"6,08,147",6,"5,940",0,"11,472",353,"97,70,528","1,76,915","5,52,27,143"
Cyprus,"6,25,562",0,"1,250",0,"6,12,987",0,"11,325",60,"5,11,336","1,022","96,40,118","78,79,860","12,23,387"
Palestine,"6,20,816",0,"5,404",0,"6,14,962",0,450,17,"1,16,137","1,011","30,78,533","5,75,907","53,45,541"
Estonia,"6,10,393",0,"2,814",0,"5,24,990",0,"82,589",5,"4,61,751","2,129","36,19,991","27,38,455","13,21,910"
Moldova,"5,95,745",0,"11,922",0,"5,04,142",0,"79,681",49,"1,48,447","2,971","32,16,305","8,01,437","40,13,171"
Venezuela,"5,49,273",0,"5,830",0,"5,42,003",0,"1,440",36,"18,768",199,"33,59,014","1,14,771","2,92,66,991"
Egypt,"5,15,645",0,"24,613",0,"4,42,182",0,"48,850",122,"4,857",232,"36,93,367","34,792","10,61,56,692"
Libya,"5,07,121",0,"6,437",0,"5,00,655",0,29,0,"72,027",914,"24,83,446","3,52,725","70,40,745"
Ethiopia,"4,96,224",0,"7,572",0,"4,75,721",0,"12,931",2,"4,107",63,"53,96,335","44,667","12,08,12,698"
Qatar,"4,87,042",368,685,0,"4,85,238",287,"1,119",2,"1,63,442",230,"40,65,369","13,64,257","29,79,915"
Réunion,"4,80,501",0,907,0,"4,18,572",0,"61,022",10,"5,29,151",999,"16,03,660","17,66,027","9,08,061"
Honduras,"4,62,340",0,"11,060",0,0,0,0,105,"45,233","1,082","15,79,199","1,54,502","1,02,21,247"
Armenia,"4,45,881",0,"8,712",0,"4,35,060",0,"2,109",0,"1,50,029","2,931","32,40,491","10,90,353","29,71,966"
Bosnia and Herzegovina,"4,00,821",12,"16,219",0,"3,78,602",23,"6,000",0,"1,23,355","4,992","18,81,154","5,78,938","32,49,317"
Oman,"3,99,119",0,"4,260",0,"3,84,669",0,"10,190",2,"74,966",800,"2,50,00,000","46,95,724","53,23,993"
North Macedonia,"3,45,197",0,"9,599",0,"3,35,465",0,133,0,"1,65,856","4,612","21,41,032","10,28,697","20,81,304"
Kenya,"3,42,347",0,"5,688",0,"3,36,405",0,254,1,"6,090",101,"39,53,488","70,328","5,62,15,221"
Zambia,"3,33,746",0,"4,019",0,"3,29,690",0,37,0,"17,141",206,"37,65,147","1,93,380","1,94,70,234"
Albania,"3,33,653",0,"3,594",0,"3,28,457",0,"1,602",0,"1,16,402","1,254","19,41,032","6,77,173","28,66,374"
Botswana,"3,27,511",0,"2,794",0,"3,23,747",0,970,1,"1,34,162","1,145","20,26,898","8,30,300","24,41,162"
Luxembourg,"2,97,757",0,"1,133",0,"2,88,991",0,"7,633",0,"4,63,528","1,764","44,12,567","68,69,188","6,42,371"
Montenegro,"2,84,407",34,"2,790",0,"2,81,327",42,290,6,"4,52,913","4,443","26,74,569","42,59,207","6,27,950"
Algeria,"2,71,179",0,"6,881",0,"1,82,619",0,"81,679",0,"5,980",152,"2,30,861","5,091","4,53,50,148"
Nigeria,"2,66,381",0,"3,155",0,"2,59,759",0,"3,467",11,"1,229",15,"57,08,974","26,339","21,67,46,934"
Brunei,"2,61,440",0,225,0,"2,43,601",0,"17,614",3,"5,86,937",505,"7,17,784","16,11,437","4,45,431"
Zimbabwe,"2,59,356",0,"5,622",0,"2,53,061",0,673,12,"16,917",367,"25,25,756","1,64,744","1,53,31,428"
Uzbekistan,"2,48,899",0,"1,637",0,"2,41,486",0,"5,776",23,"7,239",48,"13,77,915","40,077","3,43,82,084"
Mozambique,"2,30,816",0,"2,229",0,"2,28,466",0,121,11,"6,976",67,"13,71,127","41,437","3,30,89,461"
Martinique,"2,24,826",0,"1,076",0,0,0,0,8,"6,00,999","2,876","8,28,928","22,15,870","3,74,087"
Laos,"2,17,486",28,758,0,0,0,0,0,"29,072",101,"12,33,207","1,64,845","74,81,023"
Iceland,"2,07,974",203,229,0,0,0,0,2,"6,02,137",663,"19,96,384","57,80,036","3,45,393"
Afghanistan,"2,07,146",36,"7,845",0,"1,84,851",33,"14,450","1,124","5,083",192,"11,71,605","28,748","4,07,54,388"
Kyrgyzstan,"2,06,557",0,"2,991",0,"1,96,406",0,"7,160",131,"30,700",445,"19,07,195","2,83,460","67,28,271"
El Salvador,"2,01,785",0,"4,230",0,"1,79,410",0,"18,145",8,"30,805",646,"26,10,114","3,98,467","65,50,389"
Guadeloupe,"1,98,608",0,997,0,0,0,0,19,"4,96,776","2,494","9,38,039","23,46,306","3,99,794"
Trinidad and Tobago,"1,85,708",0,"4,271",0,"1,81,221",0,216,8,"1,32,028","3,036","8,73,978","6,21,347","14,06,585"
Maldives,"1,85,666",0,311,0,"1,63,687",0,"21,668",25,"3,43,200",575,"22,13,831","40,92,223","5,40,985"
Ghana,"1,71,038",0,"1,461",0,"1,69,573",0,4,2,"5,280",45,"25,23,818","77,907","3,23,95,450"
Namibia,"1,69,946",0,"4,080",0,"1,65,826",0,40,0,"64,523","1,549","10,62,663","4,03,460","26,33,874"
Uganda,"1,69,810",0,"3,630",0,"1,00,431",0,"65,749",3,"3,506",75,"30,12,408","62,198","4,84,32,863"
Jamaica,"1,52,669",0,"3,447",0,"1,01,947",0,"47,275",0,"51,144","1,155","11,83,986","3,96,633","29,85,094"
Cambodia,"1,38,438",19,"3,056",0,"1,35,247",23,135,0,"8,063",178,"30,91,420","1,80,062","1,71,68,639"
Rwanda,"1,32,811",0,"1,467",0,"1,31,112",0,232,0,"9,765",108,"58,82,479","4,32,520","1,36,00,464"
Cameroon,"1,23,993",0,"1,965",0,"1,18,616",0,"3,412",13,"4,442",70,"17,51,774","62,762","2,79,11,548"
Malta,"1,16,152",25,811,0,"1,14,696",23,645,4,"2,61,584","1,826","20,96,452","47,21,388","4,44,033"
Angola,"1,04,946",0,"1,928",0,"1,02,538",0,480,0,"2,996",55,"14,99,795","42,818","3,50,27,343"
Barbados,"1,04,944",0,568,0,"1,02,435",0,"1,941",0,"3,64,360","1,972","7,84,101","27,22,356","2,88,023"
Channel Islands,"97,765",0,210,0,"96,310",0,"1,245",0,"5,54,025","1,190","12,52,808","70,99,551","1,76,463"
French Guiana,"97,526",0,412,0,"11,254",0,"85,860",3,"3,10,425","1,311","6,51,257","20,72,951","3,14,169"
DRC,"94,970",0,"1,461",0,"83,974",0,"9,535",0,997,15,"8,46,704","8,890","9,52,40,792"
Senegal,"88,891",0,"1,968",0,"86,901",0,22,0,"5,035",111,"11,46,543","64,946","1,76,53,671"
Malawi,"88,220",0,"2,685",0,"85,065",0,470,67,"4,371",133,"6,24,784","30,959","2,01,80,839"
Ivory Coast,"87,912",0,830,0,"87,069",0,13,0,"3,169",30,"16,59,567","59,821","2,77,42,298"
Suriname,"81,581",0,"1,393",0,0,0,0,0,"1,36,690","2,334","2,39,603","4,01,459","5,96,831"
New Caledonia,"79,026",824,314,0,"77,483","1,223","1,229",9,"2,71,646","1,079","98,964","3,40,182","2,90,915"
French Polynesia,"77,772",0,649,0,0,0,0,7,"2,73,687","2,284",0,0,"2,84,164"
Eswatini,"73,992",0,"1,422",0,"72,513",0,57,0,"62,450","1,200","10,47,886","8,84,429","11,84,817"
Guyana,"71,757",0,"1,285",0,"70,251",0,221,0,"90,369","1,618","7,07,973","8,91,603","7,94,045"
Belize,"69,675",0,688,0,"68,755",0,232,6,"1,69,036","1,669","5,76,016","13,97,453","4,12,190"
Fiji,"68,451",0,878,0,"66,524",0,"1,049",0,"75,265",965,"6,66,164","7,32,478","9,09,466"
Madagascar,"67,684",0,"1,415",0,"66,069",0,200,0,"2,320",48,"5,21,617","17,877","2,91,78,077"
Sudan,"63,677",0,"4,992",0,"58,155",0,530,0,"1,385",109,"5,62,941","12,240","4,59,92,020"
Mauritania,"63,425",0,997,0,"62,423",0,5,0,"12,939",203,"10,09,957","2,06,030","49,01,981"
Cabo Verde,"63,173",0,412,0,"62,673",0,88,23,"1,11,283",726,"4,01,622","7,07,482","5,67,678"
Bhutan,"62,521",0,21,0,"61,564",0,936,0,"79,347",27,"23,03,734","29,23,739","7,87,941"
Syria,"57,423",0,"3,163",0,"54,260",0,0,0,"2,965",163,"1,46,269","7,553","1,93,64,809"
Burundi,"51,018",0,38,0,"50,638",0,342,0,"4,041",3,"3,45,742","27,386","1,26,24,840"
Seychelles,"50,355",0,172,0,"50,026",0,157,0,"5,06,457","1,730",0,0,"99,426"
Gabon,"48,973",0,306,0,"48,617",0,50,0,"21,005",131,"16,21,130","6,95,306","23,31,533"
Andorra,"47,606",0,158,0,"47,188",0,260,14,"6,14,564","2,040","2,49,838","32,25,256","77,463"
Papua New Guinea,"46,557",0,669,0,"43,982",0,"1,906",7,"5,010",72,"2,49,149","26,813","92,92,169"
Curaçao,"45,986",0,295,0,"44,720",0,971,3,"2,77,812","1,782","4,96,693","30,00,640","1,65,529"
Aruba,"43,693",0,236,0,"42,438",0,"1,019",2,"4,06,035","2,193","1,77,885","16,53,068","1,07,609"
Tanzania,"42,111",0,845,0,0,0,0,7,665,13,0,0,"6,32,98,550"
Mayotte,"41,921",0,187,0,0,0,0,0,"1,46,444",653,"1,76,919","6,18,038","2,86,259"
Mauritius,"41,363",0,"1,037",0,"39,612",0,714,0,"32,449",814,"3,58,675","2,81,374","12,74,727"
Togo,"39,339",0,290,0,"39,045",0,4,0,"4,532",33,"8,03,470","92,557","86,80,837"
Guinea,"38,191",0,465,0,"37,265",0,461,8,"2,754",34,"6,60,107","47,607","1,38,65,691"
Isle of Man,"38,008",0,116,0,0,0,0,0,"4,43,335","1,353","1,50,753","17,58,422","85,732"
Bahamas,"37,491",0,833,0,"36,366",0,292,1,"93,607","2,080","2,57,839","6,43,767","4,00,516"
Faeroe Islands,"34,658",0,28,0,0,0,0,5,"7,03,959",569,"7,78,000","1,58,02,409","49,233"
Lesotho,"34,490",0,706,0,"25,980",0,"7,804",0,"15,852",324,"4,31,221","1,98,199","21,75,699"
Haiti,"33,876",0,860,0,"32,934",0,82,0,"2,900",74,"1,32,422","11,337","1,16,80,283"
Mali,"32,767",0,743,0,"31,944",0,80,0,"1,526",35,"7,80,507","36,347","2,14,73,764"
Cayman Islands,"31,359",0,36,0,"8,553",0,"22,770",1,"4,66,118",535,"2,22,773","33,11,280","67,277"
Saint Lucia,"29,550",0,404,0,"29,095",0,51,0,"1,59,632","2,182","2,10,983","11,39,752","1,85,113"
Benin,"27,982",0,163,0,"27,817",0,2,5,"2,189",13,"6,04,310","47,268","1,27,84,726"
Somalia,"27,300",0,"1,361",0,"13,182",0,"12,757",0,"1,621",81,"4,00,466","23,778","1,68,41,795"
Congo,"25,375",0,386,0,"24,006",0,983,0,"4,377",67,"3,47,815","59,991","57,97,805"
Solomon Islands,"24,575",0,153,0,0,0,0,1,"34,077",212,0,0,"7,21,159"
Timor-Leste,"23,385",0,138,0,"23,102",0,145,0,"17,076",101,"2,78,529","2,03,391","13,69,429"
San Marino,"22,813",0,120,0,"22,490",0,203,4,"6,69,297","3,521","1,57,634","46,24,732","34,085"
Micronesia,"22,203",0,55,0,0,0,0,1,"1,88,979",468,"21,923","1,86,596","1,17,489"
Burkina Faso,"21,631",0,387,0,"21,143",0,101,0,979,18,"2,48,995","11,265","2,21,02,838"
Liechtenstein,"21,209",16,88,0,"21,040",14,81,1,"5,52,505","2,292","1,12,457","29,29,559","38,387"
Gibraltar,"20,252",0,110,0,"16,579",0,"3,563",0,"6,00,878","3,264","5,34,283","1,58,52,213","33,704"
Grenada,"19,613",0,237,0,"19,358",0,18,4,"1,72,840","2,089","1,82,981","16,12,523","1,13,475"
Bermuda,"18,557",0,152,0,"18,380",0,25,0,"2,99,601","2,454","10,20,909","1,64,82,491","61,939"
Nicaragua,"18,491",0,225,0,"4,225",0,"14,041",0,"2,728",33,0,0,"67,79,100"
South Sudan,"18,368",0,138,0,"18,115",0,115,1,"1,581",12,"4,10,280","35,313","1,16,18,511"
Tajikistan,"17,786",0,125,0,"17,264",0,397,0,"1,786",13,0,0,"99,57,464"
Equatorial Guinea,"17,186",0,183,0,"16,880",0,123,5,"11,483",122,"3,65,697","2,44,342","14,96,662"
Tonga,"16,182",0,12,0,"15,638",0,532,0,"1,50,182",111,"5,35,009","49,65,327","1,07,749"
Samoa,"15,975",5,29,0,"1,605",0,"14,341",4,"78,991",143,"1,87,397","9,26,612","2,02,239"
Monaco,"15,866",0,63,0,"15,720",0,83,4,"3,98,814","1,584","78,646","19,76,875","39,783"
Dominica,"15,760",0,74,0,"15,673",0,13,0,"2,17,848","1,023","2,29,344","31,70,187","72,344"
Djibouti,"15,690",0,189,0,"15,427",0,74,0,"15,441",186,"3,05,941","3,01,094","10,16,097"
Marshall Islands,"15,547",0,17,0,"15,390",0,140,22,"2,58,871",283,0,0,"60,057"
CAR,"15,311",0,113,0,"14,615",0,583,2,"3,052",23,"81,294","16,205","50,16,678"
Gambia,"12,586",0,372,0,"12,189",0,25,0,"4,919",145,"1,55,686","60,851","25,58,482"
Saint Martin,"12,104",0,63,0,"1,399",0,"10,642",7,"3,04,656","1,586","1,12,382","28,28,643","39,730"
Greenland,"11,971",0,21,0,"2,761",0,"9,189",4,"2,10,117",369,"1,64,926","28,94,810","56,973"
Vanuatu,"11,952",0,14,0,"11,937",0,1,0,"37,137",44,"24,976","77,606","3,21,832"
Yemen,"11,945",0,"2,159",0,"9,124",0,662,23,383,69,"3,29,592","10,579","3,11,54,867"
Caribbean Netherlands,"11,540",0,36,0,"10,476",0,"1,028",0,"4,33,069","1,351","30,126","11,30,559","26,647"
Sint Maarten,"10,964",0,89,0,"10,873",0,2,0,"2,49,375","2,024","62,056","14,11,454","43,966"
Eritrea,"10,189",0,103,0,"10,086",0,0,0,"2,782",28,"23,693","6,470","36,62,244"
Niger,"9,931",0,312,0,"8,890",0,729,1,381,12,"2,54,538","9,759","2,60,83,660"
St. Vincent Grenadines,"9,500",0,116,0,"9,361",0,23,0,"85,163","1,040","1,12,841","10,11,564","1,11,551"
Antigua and Barbuda,"9,106",0,146,0,"8,954",0,6,1,"91,509","1,467","18,901","1,89,943","99,509"
Comoros,"8,979",0,161,0,"8,812",0,6,0,"9,895",177,0,0,"9,07,419"
Guinea-Bissau,"8,848",0,176,0,"8,642",0,30,6,"4,288",85,"1,45,231","70,385","20,63,367"
Liberia,"8,043",0,294,0,"7,741",0,8,2,"1,516",55,"1,39,824","26,356","53,05,117"
Sierra Leone,"7,760",0,126,0,0,0,0,0,934,15,"2,59,958","31,296","83,06,436"
Chad,"7,649",0,194,0,"4,874",0,"2,581",0,439,11,"1,91,341","10,988","1,74,13,580"
British Virgin Islands,"7,305",0,64,0,0,0,0,0,"2,38,757","2,092","1,07,339","35,08,269","30,596"
Saint Kitts and Nevis,"6,560",0,46,0,"6,513",0,1,0,"1,21,772",854,"1,26,817","23,54,087","53,871"
Turks and Caicos,"6,463",0,36,0,"6,395",0,32,4,"1,62,628",906,"5,50,265","1,38,46,280","39,741"
Cook Islands,"6,389",0,1,0,"6,384",0,4,0,"3,63,610",57,"19,690","11,20,596","17,571"
Sao Tome and Principe,"6,279",0,77,0,"6,202",0,0,0,"27,578",338,"29,036","1,27,530","2,27,679"
Palau,"5,955",0,9,0,"5,765",0,181,1,"3,26,606",494,"68,200","37,40,471","18,233"
St. Barth,"5,382",0,6,0,0,0,0,0,"5,41,176",603,"78,646","79,08,095","9,945"
Nauru,"4,621",0,1,0,"4,609",0,11,0,"4,23,828",92,"20,509","18,81,042","10,903"
Anguilla,"3,904",0,12,0,"3,879",0,13,4,"2,56,336",788,"51,382","33,73,736","15,230"
Kiribati,"3,430",0,13,0,"2,703",0,714,3,"27,792",105,0,0,"1,23,419"
Saint Pierre Miquelon,"3,306",0,2,0,"2,449",0,855,1,"5,74,058",347,"25,300","43,93,124","5,759"
Tuvalu,"2,805",0,0,0,0,0,"2,805",0,"2,32,471",0,0,0,"12,066"
Falkland Islands,"1,930",0,0,0,"1,930",0,0,0,"5,45,352",0,"8,632","24,39,107","3,539"
Saint Helena,"1,806",0,0,0,2,0,"1,804",0,"2,95,339",0,0,0,"6,115"
Macao,"1,427",0,11,0,854,0,562,0,"2,138",16,"7,850","11,760","6,67,490"
Montserrat,"1,403",0,8,0,"1,376",0,19,0,"2,82,578","1,611","17,762","35,77,442","4,965"
Wallis and Futuna,761,0,7,0,438,0,316,0,"69,295",637,"20,508","18,67,419","10,982"
Diamond Princess,712,0,13,0,699,0,0,0,0,0,0,0,0
Niue,291,28,0,0,202,8,89,0,"1,79,408",0,0,0,"1,622"
Vatican City,29,0,0,0,29,0,0,0,"36,295",0,0,0,799
Western Sahara,10,0,1,0,9,0,0,0,16,2,0,0,"6,26,161"
MS Zaandam,9,0,2,0,7,0,0,0,0,0,0,0,0
China,"3,83,175","2,722","5,242",5,"3,41,902","2,017","36,031",276,265,4,"16,00,00,000","1,10,461","1,44,84,71,400"
